Question,Answer
특수자료는 어떻게 이용하나요?,"[ 특수자료 ] 별치기호 C 로 시작하는 청구기호를 가진 자료로 , 북한 및 반국가단체에서 제작 · 발행한 자료 중 그 구성원 또는 지령을 받은 자의 활동을 찬양 · 고무 · 선전 또는 이에 동조하거나 국가변란을 선전 · 선동하는 내용의 자료 , 국가의 존립 · 안전이나 자유민주적 기본질서를 위태롭게 하는 내용의 자료 및 해당 자료를 복제 · 복사하거나 그 일부를 발췌 · 인용 등을 통해 재연한 자료를 말합니다 . [ 자료 열람 절차 ] 특수자료 이용 희망 시 담당자에게 사전 문의하고 , 자료 이용 규정 준수에 관한 서약서를 작성하여야 합니다 . 신분증을 직원에게 맡긴 후 지정 좌석에서 자료를 열람할 수 있습니다 . [ 자료 열람 시간 ] 월 ~ 금 오전 10 시 ~ 오후 4 시 30 분 ( 토 , 일 , 공휴일 및 휴관일 제외 ) [ 대출 ] 특수자료의 대출은 서강대학교 구성원에 한하여 가능합니다 . 이때 담당 직원이 자료를 대출하고자 하는 자의 신분과 목적을 확인하며 30 일 이내의 기간 동안 대출이 허용됩니다 . [ 자료 이용 문의 ] 정보서비스팀 특수자료 담당자 (02-705-7860, libser@sogang.ac.kr)"
예수회 기증자료는 어떻게 이용하나요?,"[ 예수회 기증자료 ] 별치기호 GN, GF 로 시작하는 청구기호를 가진 자료로 , 유럽 예수회로부터 기증받았습니다 . - GN : 네덜란드 예수회 기증도서 - GF : 프랑스 예수회 기증도서 [ 자료 이용 가능 범위 및 절차 ] 참고서비스데스크로 이용 문의하시면 필요한 자료를 가져다 드립니다 . 이용자는 신분증을 맡긴 후 자료를 수령할 수 있으며 , 수령한 자료는 관내에서만 열람할 수 있습니다 . ( 대출 불가 ) [ 자료 열람 시간 ] 도서관 개관 시간 중 상시 열람 가능합니다 . [ 자료 이용 문의 ] 정보서비스팀 특수자료 담당자 (02-705-7860, libser@sogang.ac.kr)"
라파엘 라이브 스튜디오는 어떻게 이용하나요?,도서관 1 관 4 층에 위치한 라파엘 라이브 스튜디오는 편집실과 스튜디오로 이루어진 영상 콘텐츠 셀프 제작 공간으로 이용 방법은 도서관 이용 > 시설 이용 > 라파엘 라이브 스튜디오 이용 안내를 참고하시면 됩니다 . ( 문의 : 정보서비스팀 705-8197 libsns@sogang.ac.kr)
꿈꾸는 숲에 있는 취업•창업도서는 무엇인가요?,"취업•창업도서는 서강대에서 구입한 단행본 중 취업과 창업 관련된 도서를 제공하는 컬렉션입니다. 취업•창업도서는 1관 4층 꿈꾸는 숲 서가에서 보실 수 있습니다. 꿈꾸는 숲 서가는 취업, 창업, 자기소개서, 면접, 진로•경력개발 총 5개의 세션으로 나누어져있습니다. 취업•창업도서를 대출하시려면 단행본 서가에서 동일한 책을 찾으셔서 대출하시면 됩니다. (꿈꾸는 숲 서가 도서는 대출 불가, 열람만 가능) (문의 : 정보서비스팀 705-8195-7  libser@sogang.ac.kr)"
고서 및 귀중자료는 어떻게 이용하나요?,"[ 자료의 범위 ] 별치기호 고서 , CL, PCL, T 로 시작하는 청구기호를 가진 자료를 말합니다 . - 고서 ( 한적 장정으로 발행된 해방 이전 발행 고서 ) - CL ( 해방 전후 발행 단행본 등 ) - PCL ( 해방 전후 발행 연속간행물 ) - T ( 해방 전후 발행 옛 교과서 ) [ 열람 가능한 자료의 범위 ] 서강대학교 도서관 홈페이지에 원문 구축이 되어 있는 자료의 경우 , 원문 자료를 이용해아 합니다 . 원문이 구축되어 있지 않은 자료에 한하여 열람 및 복제신청이 가능합니다 . [ 자료 열람 절차 ] 로욜라도서관 1 관 3 층 참고서비스데스크에 신청서를 제출하시고 , 지정 좌석에서 자료를 이용할 수 있습니다 . 이메일로 신청서 제출 후 예약 시간에 이용도 가능합니다 . 신청서 다운로드 : https://library.sogang.ac.kr/bbs/content/6_30470 [ 자료 열람 시간 ] 월 ~ 금 오전 10 시 ~ 오후 4 시 30 분 ( 토 , 일 , 공휴일 및 휴관일 제외 ) [ 자료 이용 문의 ] 정보서비스팀 고서 담당자 (02-705-8196, libpr@sogang.ac.kr)"
장애인 이용지원 및 보조장비는 어디서 대여할 수 있나요?,1관 3층 참고서비스데스크와 1관 4층 정보봉사팀 사무실에 비치되어 있습니다. 장비 리스트에 관해서는 로욜라도서관 home>도서관 이용>이용자별 이용안내>장애인 에서 확인하실 수 있습니다. 장비 이용과 관련하여 궁금하신 점은 정보봉사팀 02-705-8195~97 으로 문의 바랍니다. (문의 : 정보서비스팀 705-8195~7 libsns@sogang.ac.kr)
Web of Science나 SCOPUS에 등재된 저널 리스트는 어떻게 확인할 수 있나요?,"Web of Science, SCOPUS, KCI에 등재된 저널리스트는 연구학습지원 > 연구지원 > 등재 학술지 리스트 에서 확인 가능합니다. (문의 : 창의지식협력팀 705-8692 libdigt@sogang.ac.kr)"
졸업 후에도 로욜라도서관 학술DB를 이용할 수 있을까요?,"졸업생 회원은 도서관 출입 및 단행본 자료 대출만 가능하고 각종 전자자료(전자저널, DB, 동영상강좌 등)는 이용하실 수 없습니다. 다만, 별도의 로그인이 필요하지 않는 전자자원의 경우 도서관을 비롯한 교내에서 이용이 가능합니다. (문의 : 창의지식협력팀 705-8692 libdigt@sogang.ac.kr)"
해외 학위논문을 보려면 어떤 학술DB를 이용해야 하나요?,해외 학위논문은 PQDT Global를 선택하여 이용할 수 있습니다. (문의 : 창의지식협력팀 705-8692 libdigt@sogang.ac.kr)
Value Search(Excel) 구) KIS-VALUE 는 어떻게 이용할 수 있나요?,"Value Search(Excel) 구) KIS-VALUE 는 국내 기업재무제표 및 주식시장 DB로 전용프로그램을 설치하여야 이용이 가능합니다. (교내 이용만 가능) '설치방법안내'를 클릭하여 다운로드한 프로그램을 개별 PC에 설치 후 이용 가능하며, 이용계정은 로욜라도서관 홈페이지에 로그인하면 계정란에 보여집니다. (문의 : 창의지식협력팀 705-8692 libdigt@sogang.ac.kr)"
EIKON은 어떻게 이용할 수 있나요?,"로욜라도서관 1관 3층 지정 PC에서만 이용 가능하며, 이용에 필요한 로그인 계정은 1관 3층 참고서비스 데스크로 문의하시기 바랍니다. (문의 : 창의지식협력팀 705-8692 libdigt@sogang.ac.kr)"
Dataguide (데이터가이드)는 어떻게 이용할 수 있나요?,"Dataguide는 국내 주식, 재무, 경제 등 금융관련 DB로 전용 프로그램을 설치하여야 이용이 가능합니다. (교내 이용만 가능) 프로그램의 설치는 해당 홈페이지( http://www.dataguide.co.kr )에 접속하신 후 “프로그램 인증 및 설치” 아이콘을 클릭하여 시작할 수 있습니다. (사용자 ID / PW : fnsogang / 0000) * 설치 시 주의사항 1) Step3에 기재되는 인증키 정보는 설치 후 인증에 필요하니 별도로 메모해 두시기 바랍니다. 2) 컴퓨터 운영체제에 맞춰 32비트 및 64비트 중 선택하여 다운로드 하시기 바랍니다. (문의 : 창의지식협력팀 705-8692 libdigt@sogang.ac.kr)"
교외에서 접속되지 않는 전자자료도 있나요?,"일부 학술DB는 지정된 위치에서만 이용이 가능하거나, 동시 이용 인원의 제한이 있는 경우가 있습니다. 로욜라도서관 홈페이지의 해당 학술DB 이용 안내를 통해 이용 방법을 확인하시기 바랍니다. (자료검색 > Browse > 각 메뉴별 제공 자료 확인) (문의 : 창의지식협력팀 705-8692 libdigt@sogang.ac.kr)"
Google Scholar(구글 학술검색)에서 로욜라도서관 구독 전자자료를 볼 수 있나요?,"로욜라도서관이 구독하고 있는 전자자료의 원문 등을 구글 학술검색을 통해서도 이용할 수 있습니다. * 이용방법 : Google 학술검색 > 설정 > 라이브러리 링크 메뉴에서 ""서강대학교 로욜라도서관""을 검색하여 선택하고 저장 설정이 완료되면 학술정보 검색 시 이용 가능한 자료에 ""Find it@SOGANG"" 링크가 표시됨 (문의 : 창의지식협력팀 705-8692 libdigt@sogang.ac.kr)"
어떤 학술DB를 이용해야 할 지 모르겠습니다.,로욜라도서관 홈페이지에서는 아래와 같이 다양한 구성으로 학술DB 이용 가이드를 제공하고 있습니다. 1. 주제별 안내 : 자료검색 > Browse > 학술DB > 주제별리스트 탭 2. 주요 전자자료 안내 : 연구학습지원 > 연구지원 > 핵심전자자료가이드 3. 학부별 안내 : 연구학습지원 > 연구지원 > 연구가이드 (문의 : 창의지식협력팀 705-8692 libdigt@sogang.ac.kr)
전자저널이나 전자책의 원문이 열리지 않고 로그인 요구 메시지 또는 결제 요청 화면이 뜨는 경우 원문은 어떻게 이용할 수 있나요?,"로그인 창 또는 유료 결제 화면이 뜨는 경우는 아래와 같이 다양합니다. 1. 로욜라도서관 구독 자료가 아닌 경우 2. 이용 권한이 있지만 출판사 사이트 오류로 접속이 안되는 경우 3. 동시 이용자수를 초과한 경우 4. 일시적인 교외접속 오류 등 원문 접속이 어려운 경우 정확한 서지정보(전자자료명, 논문명, 권호 정보 등)와 접속 환경을 확인하시고 디지털정보팀(libdigt@sogang.ac.kr)으로 문의해 주시기 바랍니다. 또는 타도서관 자료 복사 서비스를 이용하시기 바랍니다. ( 도서관 이용 > 자료 이용 > 타도서관 자료 복사 ) (문의 : 창의지식협력팀 705-8692 libdigt@sogang.ac.kr)"
"필요한 학술DB가 있는데, 로욜라도서관에서 구독하지 않고 있습니다. 학술DB 구입 신청은 어떻게 하나요?",학술DB는 연간으로 구독할 수 있는 고가의 자료입니다. 따라서 로욜라도서관에서는 자체 평가 기준과 예산 상황에 따라 신규 구독여부를 결정하게 됩니다. 소속학과(행정팀)를 통해 구독 신청을 해 주시면 제공 업체에 구독 조건을 확인하고 평가를 진행한 후 결정하게 됩니다. 보다 자세한 사항은 디지털정보팀(libdigt@sogang.ac.kr)으로 문의해 주시기 바랍니다. (문의 : 창의지식협력팀 705-8692 libdigt@sogang.ac.kr)
타도서관 자료복사는 비용은 어떻게 되나요?,"발송방법에 따라 장당 비용이 달라지며, 신청비용에서 50%는 도서관에서 지원하며, 나머지 50%는 이용자부담입니다. FRIC(무료 외국학술지지원센터) 소장 자료 신청 시 전액 무료로 이용 가능합니다. 자세한 사항은 홈페이지 ""도서관 홈페이지 로그인 > 도서관 이용 > 자료 이용 > 타도서관 자료 복사""를 참고하세요. (문의 : 지식정보기획팀 705-8174  libinter@sogang.ac.kr)"
PDF로 자료를 받아 볼수 있나요?,저작권법으로 인해 파일의 전송은 불가능합니다. 인쇄물로만 제공해 드리고 있습니다. (문의 : 지식정보기획팀 705-8174  libinter@sogang.ac.kr)
전권복사 가능한가요?,단행본은 저작권 보호를 위해 부분 복사만 가능합니다. (최대 50%) (문의 : 지식정보기획팀 705-8174  libinter@sogang.ac.kr)
타도서관 자료 복사는 대리수령 가능한가요?,타도서관 자료 복사는 신청자 본인방문 후 복사물 전달을 원칙으로 하고 있습니다. 대리수령 불가능 합니다. (문의 : 지식정보기획팀 705-8174  libinter@sogang.ac.kr)
연체료 발생 시 카드결제 가능한가요?,"타도서관 자료 대출 연체료는 현금 납부만(계좌이체 불가능) 가능하며, 연체료 미납 시 자료 반납이 불가능합니다. (문의 : 지식정보기획팀 705-8174  libinter@sogang.ac.kr)"
타도서관 자료 도서는 재대출 가능한가요?,타도서관 자료 도서는 반납 후 즉시 재대출은 불가합니다. (문의 : 지식정보기획팀 705-8174  libinter@sogang.ac.kr)
타도서관 자료 도서는 연장 가능한가요?,타도서관 자료 도서는 연장 불가합니다. (문의 : 지식정보기획팀 705-8174  libinter@sogang.ac.kr)
타도서관 자료 도서 수령과 반납은 어디서 하나요?,"타도서관 자료 도서는 로욜라도서관 1관 2층 타도서관 자료 대출/복사 서비스 데스크에서만 실물확인 후 수령 및 반납이 가능합니다. 무인반납기 반납은 불가하며, 분실시 변상의 책임이 있습니다. (문의 : 지식정보기획팀 705-8174  libinter@sogang.ac.kr)"
타도서관 자료 도서는 몇권까지 대출 가능한가요?,"신분별로 가능한 도서 대출 책수에 포함되며, 각 협력 기관당 3권씩 신청 가능합니다. (문의 : 지식정보기획팀 705-8174  libinter@sogang.ac.kr)"
학부생은 타도서관 자료도서를 신청 할수 있나요?,"타도서관 자료도서 이용대상은 본교 소속 교직원 및 대학원생 (학부 및 졸업생 회원, 추천/특별회원 등 불가) 입니다. 학부생은 상호대차 불가하며, 원문복사를 이용을 권장해 드립니다. (문의 : 지식정보기획팀 705-8174  libinter@sogang.ac.kr)"
희망자료가 도착했다는데 대출실에 오면 대출할 수 있는 건가요?,"구입신청 자료가 도착했다는 이메일 또는 문자는 신청하신 자료가 도서관에 입수되었다는 뜻으로, 아직 대출이 가능하다는 얘기는 아닙니다. 희망자료를 신청한 자에게 먼저 예약하여 대출할 수 있도록 이메일 또는 문자로 안내하는 것이며, 해당 자료를 대출하기 위해서는 홈페이지에서 우선정리(정리중 자료 예약)를 반드시 신청해야 합니다. 신청방법은 [도서관 홈페이지(로그인) > My Library > 자료이용 > 희망자료 신청내역> 자료명 오른쪽 돋보기 모양 클릭 > 상세정보 내 '예약' 버튼]을 클릭하여 예약하면 됩니다. 일정시간이 지나면 모든 이용자가 예약 신청을 할 수 있으므로 주의하기 바랍니다. (문의 : 지식정보개발팀 705-8188 libcat@sogang.ac.kr)"
대출한 책을 분실하였습니다. 어떻게 하면 좋을까요?,"책을 분실하셨을 때는 도서관 홈페이지, ""My Library-자료이용-대출 조회 및 연장, 분실신고-대출현황"" 에서 분실신고를 하신 후, 변상을 하시면 됩니다. 변상은 현금변상과 현물변상 둘 중에 하나를 선택하시게 되며, 자세한 사항은 도서관 홈페이지를 참조해 주시기 바랍니다. (문의 : 지식정보기획팀 705-8645 libcir@sogang.ac.kr)"
장기대출을 하고 싶어요.,장기대출은 방학 시작 전 2주 동안만 가능합니다. 그 외 기간에는 이용할 수 없음을 기억하세요. (문의 : 지식정보기획팀 705-8645 libcir@sogang.ac.kr)
"홈페이지 검색결과 화면에서 소장처/자료실에 ""자료이용은 대출실로 문의""라고 나오는 자료는 어떻게 이용하나요?","도서관의 대부분의 자료는 자유롭게 서가에 접근해서 이용할 수 있지만, 일부 자료들은 별도의 자료실에 보관하면서 이용자 요청시 이용하실 수 있게 도와드리고 있습니다. ""자료이용은 대출실로 문의""라고 나오는 자료는 '대출실'에서 관리하는 별도의 자료실에 보관되어 있는 자료이며, AV자료, SM자료, 보관서고자료, 지정자료 등이 해당됩니다. 이 경우, 1관 2층 대출실로 오셔서 해당 자료를 이용하고싶다고 말씀하시면, 자료를 이용하실 수 있게 도와드립니다. (문의 : 지식정보기획팀 705-8645 libcir@sogang.ac.kr)"
대출중인 책인데 예약버튼이 뜨질 않아요. 어떻게 예약하나요?,"동일 책이 여러 권 있는데, 모두 대출중일 경우, 예약버튼은 하나의 등록번호에만 나타납니다. 각 등록번호별로 예약하는 게 아닌, 해당 서지에 대해 예약을 해서 예약 순서에 따라 먼저 반납되는 책을 배정받아 이용하게 되는 시스템입니다. 즉, 화장실 한 줄 서기와 같다고 생각하시면 됩니다.  또한, 대출가능인 책이 한 권이라도 있으면, 대출중인 책에 예약버튼은 나타나지 않으므로 착오 없으시기 바랍니다. (문의 : 지식정보기획팀 705-8645 libcir@sogang.ac.kr)"
연체료를 다음에 내도 되나요? 졸업할 때까지 안내면 소멸이 되나요?,"연체료를 납부하지 않으시면, 책을 대출하실 수 없고, 대출하신 책들을 연장하거나, 다른 책을 예약하실 수 없습니다. 또한, 졸업 후에도 소멸되지 않고 남아서, 각종 증명서 발급을 하실 수 없습니다. 따라서, 부득이한 경우가 아니라면, 연체된 책을 반납하는 시점에서 연체료를 납부하시는 게 가장 바람직합니다. (문의 : 지식정보기획팀 705-8645 libcir@sogang.ac.kr)"
"반납을 하지 않고, 연체료를 낼 수 있나요?",연체료는 연체된 자료를 반납하셔야만 납부하실 수 있습니다. (문의 : 지식정보기획팀 705-8645 libcir@sogang.ac.kr)
책을 연체했을 경우 어떤 불이익이 있나요? 연체료를 납부하더라도 일정기간 동안 책을 빌릴 수가 없나요?,"책을 연체하면, 추가로 책을 대출하실 수 없고 대출하신 책들의 반납예정일을 연장하거나, 다른 책을 예약하실 수 없습니다. 연체된 책을 반납하고 연체료를 납부하시면, 모든 서비스 제약은 사라지며, 정상적으로 서비스를 이용하실 수 있습니다. (문의 : 지식정보기획팀 705-8645 libcir@sogang.ac.kr)"
도서관 개관시간에 도서관을 방문할 수가 없습니다. 대출한 책을 반납하려고 하는데 어떻게 하면 좋을까요?,도서관 1관 출입구에 위치한 무인반납함을 이용하셔서 책을 반납하시면 됩니다. 무인반납함은 도서관 폐관시간 동안 이용하실 수 있습니다. 자세한 내용은 도서관 홈페이지를 참조하세요. https://library.sogang.ac.kr/htmlmanager/service/198 (문의 : 지식정보기획팀 705-8645 libcir@sogang.ac.kr)
대출가능인데 서가에 책이 없어요.,"대출가능인 책은 여러가지 이유로 서가에 없을 수 있습니다. 우선, 대출하지 않고 이용자가 책을 보고 있을 수 있습니다. 둘째, 해당 책이 이용된 후 서가에 꽂히기 전일 수 있습니다. 셋째, 해당 책이 잘못 꽂혀 있을 수 있습니다. 첫째, 둘째의 경우 다른 일시에 도서관을 재방문하여 책을 찾아보면 찾을 확률이 높으나, 몇 번 책을 찾아봐도 없을 경우는 셋째 경우일 가능성이 높으므로, 이 경우는  '서가에 없는 자료' 신고를 해서 책을 찾으시기 바랍니다. '서가에 없는 자료' 신고는 도서관 홈페이지 자료 검색결과 상세정보화면의 ’소장정보‘에 나타나는 해당 서비스 아이콘을 클릭하시면 됩니다. 단, ’서가에 없는 자료‘ 신고는 도서관에 위치한 데스크탑 PC에서만 가능하다는 점 기억하세요! (문의 : 지식정보기획팀 705-8645 libcir@sogang.ac.kr)"
대출연장은 어떻게 하나요?,"대출연장은 홈페이지 'My Library'-’자료이용‘-’대출 조회 및 연장, 분실신고‘ 에서 직접 2회까지 하실 수 있으며, 2회까지 모두 연장하셨을 경우에는 반납 후 재대출을 하실 수 있습니다. 단, 해당 책에 예약이 걸려 있거나 연체된 자료가 있거나, 미납 연체료가 있는 경우에는 연장 및 재대출 모두 불가능합니다. (문의 : 지식정보기획팀 705-8645 libcir@sogang.ac.kr)"
학부생 대출권수 및 기간이 어떻게 되나요?,학부생은 일반 단행본 20권을 15일 동안 빌릴 수 있습니다. 다양한 신분 및 자료 유형에 따른 대출 권수 및 기간은 도서관 홈페이지 ‘도서관 이용'-'자료이용'-’자료대출반납안내‘-’대출 권수 및 기간‘ 을 참고해 주시기 바랍니다. (문의 : 지식정보기획팀 705-8645 libcir@sogang.ac.kr)
U-Dream Hall 은 어떻게 이용하나요?,"도서관 1관 2층에 위치한 U-Dream Hall은 스크린 및 프로젝트, 3인용 이동식 책상 16개 좌석을 이용하여 교육, 회의, 행사를 진행할 수 있는 공간입니다.  이용방법은 도서관이용 > 시설이용 > 전시 및 행사 공간 이용안내를 참조하시기 바랍니다. (문의 : 지식정보기획팀  705-4778 libadm@sogang.ac.kr)"
로욜라 이주연 갤러리를 어떻게 이용하나요?,도서관 1 관 1 층에 위치한 로욜라 이주연 갤러리는 각종 전시와 다양한 행사를 진행할 수 있는 공간입니다 . 이용방법은 도서관이용 > 시설이용 > 전시 및 행사 공간 이용 안내를 참조하시기 바랍니다 . ( 문의 : 정보서비스팀 705-8197 libsns@sogang.ac.kr)
타도서관을 방문(자료열람 목적)하려면 어떻게 해야 하나요?,"서강대학교 신분으로 타도서관을 방문(자료열람 목적)하기 위해서는 '도서관열람의뢰서' 와 학생증(신분증)을 해당 도서관으로 가져가야 합니다. '도서관열람의뢰서'는 도서관 홈페이지 로그인 → 도서관 이용 → 시설 이용 → 타도서관 이용 신청 에서 출력할 수 있으며, 각 기관마다 서비스 운영 정책이 상이할 수 있으므로 사전에 해당 도서관 홈페이지 등을 참고하시기 바랍니다. ☞ 타도서관 이용 신청 안내 바로가기 (문의 : 지식정보기획팀 대출실 705-8191 libcir2@sogang.ac.kr)"
졸업생도 도서관을 이용할 수 있나요?,"졸업생은 별도의 회원('졸업생대출회원' 또는 '서강가족카드 동문회원') 등록을 통해 도서관을 이용할 수 있습니다. 회원 신규가입과 갱신에는 비용이 발생하며, 과거 도서관 이용내역에서 미반납 자료나 미납 연체료/변상금 등이 없어야 합니다. 자세한 내용 및 신청 양식은 아래에 링크된 안내페이지를 참고하여 주십시오. ☞ 졸업생 이용안내 바로가기 (문의 : 지식정보기획팀 대출실 705-8191 libcir2@sogang.ac.kr)"
보관서고 소장자료인 연속간행물은 어떻게 이용하나요?,"도서관 홈페이지에서 서지사항을 확인하시고 이용신청서를 작성하신 후, 3관 2층 창의지식협력팀 안내데스크로 제출해 주시기 바랍니다. (이용신청서 양식은 도서관 홈페이지 도서관소개>알림/문의>각종 양식 다운로드 에서 다운로드 또는 안내데스크에 비치) (문의 : 창의지식협력팀 705-8953 libper@sogang.ac.kr)"
3관 5층 만레사존의 스터디룸은 어떻게 사용할 수 있나요?,"만레사존 스터디룸은 최소 3인 이상 8인 이하의 인원이 있어야 이용가능하며, 서강대학교 모바일 학생증 앱에서 사용 7일전부터 예약 가능합니다. 이용시 주의사항과 자세한 사항은 도서관 홈페이지 스터디룸 이용안내 페이지를 참조하시기 바랍니다. (문의 : 지식정보기획팀 705-8198 libstudy@sogang.ac.kr)"
3관 4층에 위치한 캐럴은 어떻게 사용할 수 있나요?,도서관은 논문학기 이상 대학원생과 퇴직교수의 연구 편의를 위하여 부스형 개인용 열람좌석인 캐럴을 무료로 제공하고 있습니다. 홈페이지에서 2월과 8월에 신청 접수를 받고 있으며 최대 6개월동안 이용할 수 있습니다. (문의 : 지식정보기획팀 705-8198 libstudy@sogang.ac.kr)
자료를 기증할 수 있나요?,"대학 도서관 장서로 적합한 자료는 기증할 수 있습니다. 기증자료처리동의서와 함께 기증자료를 도서관 수서정리팀으로 제출하면 됩니다. 기증된 자료는 반환되지 않으며, 등록에서 제외된 경우 재기증, 행사용, 폐기 등으로 처리됩니다. 자세한 사항은 [도서관 소개 > 도서관 기부 > 자료기증] 을 참고하기 바랍니다. (문의 : 지식정보개발팀 705-8186 acqkor@sogang.ac.kr)"
dCollection 페이지 로그인(비밀번호)은 어떻게 하나요?,"학위논문 제출대상자에 한해 비밀번호를 발급받을 수 있습니다. ID는 학번이며, 이름은 SAINT에 등록된 이름과 동일합니다. 첫 로그인 시 이메일로 인증 절차를 거쳐 비밀번호를 생성한 후 로그인합니다. (문의 : 창의지식협력팀 705-8953 libcomp@sogang.ac.kr)"
학위논문을 온라인 비공개로 제출하고 싶습니다.,"dCollection에 학위논문 파일 제출시 공개 여부 및 단계를 설정할 수 있습니다. - 동의 : 학위논문 파일이 일반이용자들에게 검색되고 원문파일도 서비스 됩니다. - 비동의 : 학위논문이 검색은 되나 원문파일은 보이지 않습니다. (비공개 처리) - 원문서비스게시일 제한 (= 조건부 동의) : 특허 출원 등과 같은 사유로 원문서비스 시작일을 지정할 수 있습니다. - 원문서비스게시일을 설정하면 설정일 전에는 비동의, 설정일 이후부터는 동의 처리 됩니다. ※ 이미 제출한 온라인 학위논문의 공개여부 변경은 도서관 홈페이지-도서관 소개-알림/문의-각종 양식 다운로드 페이지에서 ""온라인학위논문 공개여부 변경 서류"" 게시글을 참고하시기 바랍니다. (문의 : 창의지식협력팀 705-8953 libcomp@sogang.ac.kr)"
참고문헌 관리 프로그램 RefWorks와 EndNote는 어떤 차이점이 있나요?,"두 프로그램 모두 참고문헌 관리에 편리하도록 구성되어 있습니다. 각각의 장단점이 있으므로, 주요 기능을 비교 후 사용하시기 바랍니다. (문의 : 창의지식협력팀 705-8692 libdigt@sogang.ac.kr)"
참고문헌 관리 프로그램이란 무엇인가요?,"서지정보는 학술정보로 접근할 수 있는 서명, 저자, 출판정보, 수록 저널 정보(저널명, 권호 정보) 등의 기본 정보를 말합니다. 참고문헌 관리 프로그램은 논문 작성 시 서지정보를 편리하게 관리, 인용할 수 있도록 도와주는 유용한 도구로 연구자들에게는 필수적인 프로그램입니다. 로욜라도서관은 RefWorks와 EndNote 프로그램을 제공하고 있습니다. (문의 : 창의지식협력팀 705-8692 libdigt@sogang.ac.kr)"
Turnitin 교수용 계정을 생성하려면 어떻게 해야 하나요?,"Turnitin 서비스 담당자를 통하여 계정을 생성합니다. libcomp@sogang.ac.kr으로 신청자 정보(이름, 소속 및 신분, 본인의 서강대 이메일)를 작성하여 신청해 주세요. Turnitin 계정이 생성되면 발송자명 'Turnitin No reply' 으로 신청자에게 메일이 발송됩니다. (문의 : 창의지식협력팀 705-8953 libcomp@sogang.ac.kr)"
Turnitin 학생용 계정을 생성하려면 어떻게 해야 하나요?,"Turnitin 홈페이지에 접속하여 스스로 계정을 생성합니다. 1) Turnitin 홈페이지 우측 상단의 ""회원 가입""을 클릭 2) “사용자 프로파일 만들기”에서 이용자 유형을 ""학생""으로 선택 3) 서강대학교 클래스 ID와 PW 입력 후 나머지 정보 입력하며, 모든 항목 기재 완료 후 하단의 ""동의합니다"" 클릭 ※ 이메일은 서강대학교 이메일 (@sogang.ac.kr)만 이용 가능하며, Turnitin 계정의 아이디가 됩니다. ※ 클래스 ID와 PW는 도서관 홈페이지 로그인 후, 연구학습지원-연구지원-표절예방시스템 Turnitin 페이지에서 확인 가능합니다. (문의 : 창의지식협력팀 705-8953 libcomp@sogang.ac.kr)"
Turnitin 검사 결과가 몇 % 이상이면 표절인가요?,"Turnitin은 표절 여부를 결정해주는 프로그램이 아니며 유사도 %에 대한 절대적인 기준은 없습니다. 표절율은 Turnitin에서 제공하는 다양한 필터와 기준들을 변경하는 것만으로도 변경될 수 있습니다. 또한 여러번 수정, 재검사를 통해서 표절율이 낮아지는 것을 확인하실 수 있습니다. 상대적인 수치로 참고하시기 바랍니다. (문의 : 창의지식협력팀 705-8953 libcomp@sogang.ac.kr)"
교보도서관을 이용하려고 하는데 로그인이 되지 않습니다. 어떻게 하면 좋을까요??,"PC에서 도서관 홈페이지 로그인 후 교보문고 전자도서관 1회 접속하면, 전자도서관 앱에 사용자 정보가 등록됩니다. - PC 접속 후, 앱을 다운로드 받아 이용하시면 됩니다. - 앱 로그인 정보는 ID/PW 모두 학번입니다. 도서관에서 제공하는 전자책DB는 플랫폼 별로 이용방법이 달라 '전자책 서비스' 탭에서 각DB별로 이용방법을 확인하시기 바랍니다. (문의 : 창의지식협력팀 705-8692 libdigt@sogang.ac.kr)"
전자책 전체를 다운로드 받고 싶은데 가능한가요?,"전자책은 출판사 정책에 따라 다양한 방식으로 서비스되고 있으며, 해당 전자책 사이트에서 확인하실 수 있습니다. • 교보문고 전자책, Yes24 등 국내 전자책 ​- 인쇄도서와 같이 대출/반납 방식으로 이용 가능 - 본문 저장 및 출력은 불가능하며 전자책 전용 리더로 열람만 가능 • EBSCO eBook 등 국외 전자책 - 챕터별 또는 일부분 (약 30%)만 다운로드 및 출력 가능 - 대출하여 Adobe Digital Edtion에서 이용하고자 할 경우 EBSCO 개인 계정을 생성하여 로그인 후 대출 가능 (문의 : 창의지식협력팀 705-8692 libdigt@sogang.ac.kr)"
전자책도 희망도서 구입신청이 가능한가요?,"전자책 희망자료 신청은 단행본 구입신청 페이지와는 별도의 절차를 거칩니다. - 국내전자책 : 교보문고 전자도서관 사이트에서 오른쪽 상단의 '희망도서 신청하기' 클릭 후 자료를 검색하여 신청 - 국외전자책 : ProQuest Ebook Central에서 검색되는 자료에 한해 신청 구입 신청된 자료는 입수 가능 여부, 자료의 적절성과 가격 등을 고려하여 구매 여부를 결정하게 됩니다. 그리고 교보문고나 Amazon에서 판매되는 전자책을 도서관에서 입수할 수 없는 경우도 있는데, 출판사 또는 대행사에서 도서관용으로 판매를 허용하는 경우에만 구입이 가능합니다. (문의 : 창의지식협력팀 705-8692 libdigt@sogang.ac.kr)"
검색한 자료에 대한 정보를 이메일로 받아보거나 저장할 수는 없나요?,"검색된 내용은 ""내보내기"" 기능을 통해 이메일 발송, 인쇄, 참고문헌 관리도구(RefWorks, EndNote)로의 반출 등을 할 수 있습니다. 단, ""국내외 학위논문"" 검색 결과는 바구니 담기 또는 내보내기 기능을 사용할 수 없습니다. (문의 : 창의지식협력팀 705-8992 libsys@sogang.ac.kr)"
도서관 홈페이지 로그인이 안 돼요.,"재학생의 경우 Saint 포탈의 로그인 ID(학번)/PW 정보와 동일합니다. 다만, 졸업생은 기존의 ID(학번)/PW를 사용하여 로그인이 안 됩니다. (문의: 창의지식협력팀 705-8992 libsys@sogang.ac.kr)"
도서관내 정수기가 설치된 장소는 어디인가요?,"1관 1층 열람실 좌석발권기 옆, 1~2관 연결통로, 2관 5층 엘리베이터 앞, 3관 2층 화장실 앞, 3관 4층 화장실 앞 총 5개의 정수기가 있습니다. * 문의 : 지식정보기획팀 (705-4778)"
지정자료 이용,지정자료는 수강과목에 필요한 자료를 해당과목 수강생들이 편리하게 열람할 수 있도록 교수가 일정한 기간 동안 지정한 자료입니다. 대출실에 별치되어 있으며 관내에서만 이용할 수 있습니다.
희망자료 신청은 어떻게 하나요?,"[도서관 이용 > 자료 이용 > 희망자료 신청 ] 에서 신청할 수 있으며, [My Library > 자료 이용 > 희망자료 신청내역] 에서 신청 결과를 조회할 수 있습니다. 이메일로 희망자료 도착메시지를 받은 후 대출을 원하시면 자료 예약을 하시기 바랍니다. (문의 : 지식정보개발팀, 국내서 705-8186 acqkor@sogang.ac.kr / 국외서 705-8187 acqfor@sogang.ac.kr)"
"검색결과, '정리중'으로 표시된 자료는 어떻게 이용할 수 있나요?","이용하고자하는 자료가 정리중인 경우, 자료를 예약하면 보다 빠르게 이용할 수 있습니다. 홈페이지에 로그인한 후 해당자료의 상세서지화면에서 ‘예약’을 눌러 자료를 예약할 수 있습니다. 예약한 도서의 정리가 완료되면 개인이메일과 서강톡톡 앱을 통하여 신청자에게 안내 메세지가 발송되며 해당 도서는 바로 대출대에서 수령하여 이용할 수 있습니다. 예약도서는 3일(주말 및 공휴일 제외)간 대출대에 보관하며, 기간 경과 후 예약은 취소되고 자료는 서가로 이동합니다. (문의 : 지식정보개발팀 705-8188 libcat@sogang.ac.kr)"
"필요한 저널이 있는데, 학교에서 구독하지 않고 있습니다. 연속간행물 구입 신청은 어떻게 하나요?","연속간행물은 단행본과는 달리 지속적인 입수가 필요하므로, 구입 신청에 따른 선정시 학과장 추천을 경유하여야 합니다. 도서관 홈페이지 > 도서관소개 > 알림/문의 > 각종 양식 다운로드 > '연속간행물 구독 신청서' 게시글 을 참고하여 신청하시기 바랍니다. 연속간행물 구독 갱신 시기(10월~11월)에 검토하겠습니다. (문의 : 창의지식협력팀 705-8953 libper@sogang.ac.kr)"
서강필독서 230선 안내,"서강대학교 교양/인성교육위원회는 새로운 21세기에 걸맞은 교양인성 교육목표를 구체적으로 실천하기 위해 '서강대학교 필독서 230선’을 선정하였습니다. 서강대학교 학생이면 누구나 읽기를 바라는 책을 ‘1차 필독서100선(문학 52, 인문사회 33, 과학기술 15)’으로 선정하고, 좀 더 심화해서 읽어야 할 책을 ‘2차 필독서 100선(문학 29, 인문사회 56, 과학기술 15)’으로 선정하였습니다. 마지막으로 ‘가톨릭 추천도서 30선(공통 15, 심화 15)’이 추가 되어 총 230선이 완성되었습니다. 서강대학교 필독서 230선은 「읽기와 쓰기」, 「계열별 글쓰기」, 「동서고전세미나」, 「서양철학고전읽기」, 「동양철학고전읽기」 등 읽기와 쓰기, 고전관련 강의 시간에 다룰 예정입니다. 필독서 선정분야는 크게 문학, 인문사회, 과학기술로 나눠져 있습니다. 1차 필독서에 문학이, 2차 필독서에 인문사회가 좀 더 강조된 이유는 무엇보다 먼저 고전 독서를 통해 삶의 의미에 관한 물음을 스스로 제기한 뒤, 인문사회와 과학 기술 분야 고전의 독서를 통해 좀 더 심화된 물음과 사고를 하기 위한 것 입니다. 서강대 필독서 230선은 로욜라도서관 1관 4층 생각하는 숲 서가에 따로 비치하였으며, 일반 도서들과 마찬가지로 자유로운 열람 및 대출이 가능합니다. 단, 대출기간은 1주일이오니 착오 없으시길 바랍니다. 해당 리스트는 [도서관 홈페이지 > 로욜라컬렉션 > 서강필독서] 에서도 확인하실 수 있습니다. 새로운 21세기에 걸맞은 교양인성을 갖춘 세계 속의 서강인으로 성장하시는데 조금이나마 도움이 되길 바랍니다"
내가 원하는 시간에 정보검색특강을 들을 수 있을까요?,"‘맞춤교육’은 이용자가 원하는 교육을 직접 신청하는 교육 프로그램입니다. 정규교육 시간에 여러 가지 사정으로 참석할 수 없거나, 특정 주제 분야를 중심으로 도서관 이용교육을 받고자 하는 경우에 이용하실 수 있습니다. ‘맞춤교육’은 최소 5명 이상을 대상으로 실시하며, 교육 희망일 2주 전까지 신청하시면 됩니다. 신청한 내용을 바탕으로 교육 담당자가 신청건에 대해 가능 여부를 확인한 후 결정됩니다. 해당 건이 '신청'→'확인중'을 거쳐 '신청승인'이 되면 해당 교육이 확정됩니다. [문의] 도서관 이용교육 : 정보서비스팀 - 전화번호 : Tel. 02-705-8195~97 - 이메일 : libref@sogang.ac.kr 전자자료 이용교육 : 창의지식협력팀 - 전화번호 : Tel. 02-705-8692 - 이메일 : libdigt@sogang.ac.kr"
졸업 학위논문 원문이용,"서강대학교 대학원 졸업 학위논문의 경우, 로욜라 도서관 홈페이지 내의 통합검색, 학위논문 검색, dCollection을 통하여 이용하실 수 있습니다. 간혹 특정 졸업 학위논문이 ""원문 서비스를 이용하실 수 없습니다"" 라는 메시지가 나오는 경우는, 저자가 관내보기(도서관 내부IP지정)를 설정하거나, 혹은 온라인 비공개를 요청하신 경우입니다. 이러한 경우, 관내보기 논문은 직접 도서관에 방문하신 후, 도서관 PC를 이용하여 원문을 이용하실 수 있습니다."
연속 간행물 검색결과에 나온 소장처에 최신호가 없어요.,"이용이 많은 최신 연속간행물은 전시서가(3관 2층)에 비치하고 있으며, 전시되지 않은 연속간행물과 제본된 연속간행물은 연속간행물 서가(3관 3층, 4층)에 비치되어 있습니다. 전시서가에 비치된 최신 연속간행물은 최근 1~12개월내 발간된 자료이며, 일정 기간이 지나면 해당 연속간행물 서가로 이전됩니다. (문의 : 창의지식협력팀 705-8953 libper@sogang.ac.kr)"
도서관에서 구독하는 신문은 어디로 가야 볼 수 있나요?,"중앙도서관에서 구독하는 신문은 3관 2층에 비치하고 있습니다. 최근 1주일 분량의 일간신문을 전면 비치하고 있으며, 주요 주간신문(약 3~6개월 분량) 또한 이곳에 보관됩니다. 도서관에서 구독하고 있는 종이 신문 목록은 다음과 같습니다. 가톨릭평화신문, 경향신문, 교수신문, 국민일보, 동아일보, 매일경제, 서울신문, 조선일보, 중앙일보, 한겨레신문, 한국경제, 한국일보, Int`l NewYork Times, Korea Joongang Daily, Korea Herald, Korea Times, (Le) Monde diplomatique, Die Zeit, (기증) 가톨릭신문 (문의 : 창의지식협력팀 705-8953 libper@sogang.ac.kr)"
DVD와 같은 멀티미디어자료는 어떻게 이용하나요?,"멀티미디어 자료는 다른 자료와 구분하기 위해 별치기호 AV를 부여하고 있으며, 매체의 종류에 따라 아래와 같이 별치기호가 구분됩니다. AV 시청각자료 AV-c CD(Compact Disc) 자료 AV-cr CD-ROM 자료 AV-d Diskette 자료 AV-dv DVD 자료 AV-f 컴퓨터파일 AV-l 레이저디스크 AV-t Cassette-Tape AV-v 비디오테이프 [멀티미디어 자료의 검색] 1. 특정 DVD 자료를 찾고자 할때 : 소장자료 검색에서 검색어를 입력하고 '자료유형' 에서 '멀티미디어'를 선택합니다. 검색한 결과리스트에서 청구기호를 정렬하여 AV-dv라는 별치기호를 갖는 자료를 찾아 이용하면 됩니다. 2. 도서관 소장 전체 DVD를 확인하고자 할 때 : 소장자료검색 - 전방일치 검색에서 검색항목을 청구기호로 선택한 후 AV-dv를 입력하면, 로욜라도서관이 소장하고 있는 DVD자료 전체를 확인할 수 있습니다. * 다른 유형의 멀티미디어 자료를 이용할 때도 DVD의 예를 참고하시면 되며, 전체 멀티미디어자료 리스트를 확인하는 방법은 아래와 같습니다. 1. 소장자료 - 전방일치 검색에서 검색항목을 청구기호로 선택한 후 AV를 입력한 후 검색 2. 자료검색 - Browse - 멀티미디어 검색에서 제목별 탭을 선택하면 나오는 가나다 리스트 이용 [멀티미디어 자료의 활용] 1관 4층 꿈꾸는 숲에 매체별 멀티미디어 플레이어가 준비되어 있습니다. 1관 3층 참고서비스데스크에서 헤드셋 대여 후 이용하시기 바랍니다. [문의] 정보서비스팀 - 전화번호 : Tel. 02-705-8195-97 - 이메일 : libref@sogang.ac.kr"
무인 반납함 이용,"1. 반납함 위치: 2관 출입구 앞 (ATM기 옆) 2. 이용 시간: 도서관 폐관 이후 익일 개관전까지 이용 가능 구분 이용시간 평일 22:00 ~ 익일 개관시 주말 및 공휴일(개관일) 17:00 ~ 익일 개관시 주말 및 공휴일(폐관일) 전일 3. 무인반납함 반납 불가 자료 : AV / SM 자료, 상호대차 자료 및 지정도서 4. 이용안내 - 무인반납함에 투입된 자료는 매일 아침 9시에 전일자 기준으로 일괄 반납처리 됩니다. - 자료는 반드시 투입구 안으로 넣어 주시기 바랍니다. 정확하게 투입되지 않아 자료가 분실되는 경우에는 도서관에서 책임지지 않습니다. [문의] 지식정보기획팀 대출실 (705-8192)"
딸림자료대출,"딸림자료는 도서에 딸린 CD, 별책 부록 등 검색시 청구기호가 SM으로 시작하는 자료를 뜻합니다. 딸림자료의 이용을 위해서는 단행본의 경우 1관2층 대출실, 연속간행물은 3관2층 창의지식협력팀 데스크, 참고도서의 경우에는 1관3층 정보서비스팀 데스크로 문의하시기 바랍니다."
AV자료대출,"AV자료는 오디오 CD, DVD, CD-ROM 등 멀티미디어 자료를 말하며 AV자료실에 별도로 보관중입니다. 해당 자료의 대출을 원하시면 원하시는 자료의 청구기호를 확인하여 1관2층 대출실로 문의하여 주시기 바랍니다."
