서명,저자,출판사,발행년,자료유형,소장처
TikTok Broadway : musical theatre fandom in the digital age,"Boffone, Trevor",Oxford University,2024,단행본,2관3층 일반도서 [302.30285 B673t]대출가능
More than love : the enduring fascination with Edgar Allan Poe,"Armiento, Amy Branam",Mercer University,2024,단행본,2관6층 일반도서 [823.7 P743MT]대출가능
"Where tyranny begins : the Justice Department, the FBI, and the war on democracy","Rohde, David",W.W. Norton & Company,2024,단행본,3관4층 일반도서 [973.933 R737w]대출가능
19세기와 20세기 초기 영국·미국의 철학,"Copleston, Frederick Charles",북코리아,2024,단행본,1관4층 일반도서 [109 C784h v.8/K]정리중
허클베리 핀의 모험,"Twain, Mark",Arte,2024,단행본,2관6층 일반도서 [823.8 T969h K/2024b]정리중
작은 자비들,"Lehane, Dennis",황금가지,2024,단행본,2관6층 일반도서 [823.914 L522sm K]정리중
돌로 만들어진 남자 : 할란 엘리슨 소설,"Ellison, Harlan",아작,2024,단행본,2관6층 일반도서 [823.914 E477to K]정리중
라이프 임파서블,"Haig, Matt",인플루엔셜,2024,단행본,2관6층 일반도서 [823.92 H149 l K]정리중
베스트 오브 제임스 팁트리 주니어,"Tiptree, James",아작,2024,단행본,2관6층 일반도서 [823.914 T595h K/2024]정리중
"신스 : 누구나 알지만, 아무도 모르는 : 제나 새터스웨이트 장편소설","Satterthwaite, Jenna",해피북스투유,2024,단행본,2관6층 일반도서 [823.92 S253m K]정리중
수 - 영원해!,"Dickinson, Emily Elizabeth",파시클출판사,2024,단행본,2관6층 일반도서 [821.8 D553 2024a/ K]정리중
여왕벌 : 세상을 쥐락펴락한 레이디 인플루언서들,"Evans, Siân",열린책들,2024,단행본,2관6층 일반도서 [941.082092 E92q K]정리중
새뮤얼 스마일즈의 인생 수업 : 오늘을 뜨겁게 살아가게 하는 자기계발서의 원조,"Smiles, Samuel",메이트북스 : 원앤원콘텐츠그룹,2024,단행본,1관3층 일반도서 [179.9 S641s 2024/K]정리중
Four points of the compass : the unexpected history of direction,"Brotton, Jerry",Allen Lane,2024,단행본,2관6층 일반도서 [910.9 B874f]정리중
(독서서비스 전문가를 위한) 독서지도론,한국독서교육연구학회,태일사,2024,단행본,1관4층 일반도서 [028.5 독5312]대출가능
식물 사람 : 철학적 식물학,"Hall, Matthew",서울대학교출판문화원,2024,단행본,2관4층 일반도서 [580.1 H178p K]대출가능
연루됨 : 인류학자의 세상 읽기,조문영,글항아리,2024,단행본,2관3층 일반도서 [301 조37ㅇ]대출가능
푸코,"Gutting, Gary",교유서가 : 교유당,2024,단행본,1관3층 일반도서 [194 F762GT 2019/ K]대출가능
역사 앞에 선 한국문학 : 염무웅 평론집,염무웅,창비,2024,단행본,2관5층 일반도서 [811.09 염37ㅇ]대출중
일본 중세적 세계의 형성,석모전 정,에이케이커뮤니케이션즈,2024,단행본,3관4층 일반도서 [953.2 석35ㅈ K]대출중
셜록의 아류,최윤석,네오픽션 : 네오북스,2024,단행본,3관4층 일반도서 [953.2 석35ㅈ K]대출중
역사교육 강의,김한종,책과함께,2024,단행본,2관5층 일반도서 [811.38 최6711ㅅ]정리중
멍텅구리,전봉관,더숲,2024,단행본,2관5층 일반도서 [741.5951 멍833]정리중
나라를 위해서 일한다는 거짓말,노한동,사이드웨이,2024,단행본,2관3층 일반도서 [352.63 노91ㄴ]대출중
신내림의 철학자 하이데거,문성학,북코리아,2024,단행본,1관3층 일반도서 [193 H465문]대출중
재닛 옐런,"Hilsenrath, Jon",마르코폴로,2024,단행본,2관3층 일반도서 [330.092 Y43H K]대출중
배당머신,평온,이나우스북스,2024,단행본,2관3층 일반도서 [332.6322 평65ㅂ]대출중
어른의 인사말,이경석,클,2024,단행본,2관4층 일반도서 [395 이14ㅇ]대출중
식민지 조선에 대한 일본의 동화정책,"Caprio, Mark",소명출판,2024,단행본,2관3층 일반도서 [325.353051 C253j K]정리중
Colonialism,"Biggar, Nigel",William Collins,2024,단행본,2관3층 일반도서 [325.341 B592c 2024]정리중
Political jouissance,"Barria-Asenjo, Nicol A.",Bloomsbury Academic,2024,단행본,2관3층 일반도서 [320.019 P7692]정리중
"Cannabis, sacred and profane","Partridge, Christopher H",Bloomsbury Academic,2024,단행본,2관4층 일반도서 [394.14 P275c]정리중
A wandering dance through the philosophy of Graham Parkes,"Jones, David Edward",Bloomsbury Academic,2024,단행본,1관4층 일반도서 [111.85 W245]정리중
Writing with students,"Macnaught, Lucy",Bloomsbury Academic,2024,단행본,2관4층 일반도서 [428.0071 M169w]정리중
We need to talk about defence,"Curtis, Andrew R",Bloomsbury Academic,2024,단행본,2관3층 일반도서 [355.6840941 C978w]정리중
Agent relative ethics,"Jensen, Steven J.",Routledge,2024,단행본,1관3층 일반도서 [171.7 J54a]정리중
The dialectic of ressentiment,"Tuinen, Sjoerd van",Routledge,2024,단행본,1관3층 일반도서 [179.8 T915d]정리중
일본 현지 생활 탐험,천호재,신아사,2024,단행본,2관4층 일반도서 [413.8 천95ㅇㅎ]정리중
문화유산과 국제개발협력,금기형,학고재,2024,단행본,2관3층 일반도서 [353.7 문962]정리중
메타프락시스 : 삶과 교육의 이론,이홍우,교육과학사,2024,단행본,2관3층 일반도서 [370.1 이95ㅁ]정리중
왼손으로 쓴 교육학,이홍우,교육과학사,2024,단행본,2관3층 일반도서 [370.1 이95ㅇㅅ]정리중
백만 교육학도를 향한 이홍우의 아폴로기아,이홍우,교육과학사,2024,단행본,2관3층 일반도서 [370.1 이95ㅂ]정리중
1%의 힘 농업 안내서,유재흠,너머학교,2024,단행본,2관4층 일반도서 [630.2 유72ㅇ]정리중
2050년의 미디어,하산 진,마르코폴로,2024,단행본,1관4층 일반도서 [071.3 하51ㅇ K]정리중
안즈민 일기,안지민,주류성출판사,2024,단행본,3관4층 일반도서 [951.2 안79ㅇ K]정리중
아이언 플레임,"Yarros, Rebecca",북폴리오 : 미래엔,2024,단행본,2관6층 일반도서 [823.92 Y29i K]정리중
이사야 40-66장에 나타난 종들의 기업,이희성,솔로몬,2024,단행본,1관3층 일반도서 [224.1 이98ㅇ]정리중
여신의 언어 / 개정판,"Gimbutas, Marija Alseikaite",한겨레출판 : 한겨레엔,2024,단행본,1관3층 대형도서 [대 202.114 G491 l K/2024]정리중
우화들,김겨울,시간의흐름,2024,단행본,2관5층 일반도서 [811.88 김142ㅇㅎ]정리중
번아웃을 지나 점점 푸르게,김은지,이야기나무,2024,단행본,2관5층 일반도서 [811.88 김6823ㅂ]정리중
K-배터리 30년 전쟁,이지훈,리더스북 : 웅진씽크빅,2024,단행본,2관3층 일반도서 [338.4762131 이79k]정리중
자바 입문,최원효,길벗,2024,단행본,1관4층 일반도서 [005.133 J2최]정리중
우리는 왜 진정성에 집착하는가,"Bootle, Emily",푸른숲,2024,단행본,1관3층 일반도서 [170 B725t K]정리중
제비다방 책,씨티알프린트,문화지형연구소 씨티알,2024,단행본,2관4층 일반도서 [647.95 씨839ㅈ]정리중
언더그라운드 엠파이어,"Farrell, Henry",PADO북스 : 머니투데이,2024,단행본,2관3층 일반도서 [337.73 F245u K]정리중
러시아와 이웃 국가들,"Blinnikov, Mikhail S",푸른길,2024,단행본,2관6층 일반도서 [914.7 B648g 2021/K]정리중
비트코인의 정치학,"Golumbia, David",에코리브르,2024,단행본,2관3층 일반도서 [332.40285 G629p K]정리중
대학 대변동,"Levine, Arthur",지식의날개 : 한국방송통신대학교출판문화원,2024,단행본,2관3층 일반도서 [378 L6651g K]정리중
공부하듯 주식해서 보화찾기,허정욱,예미,2024,단행본,2관3층 일반도서 [332.6322 허73ㄱ]정리중
"AWS로 구현하는 생성형 AI : LLM에서 멀티모달 모델까지, RAG, LoRA, RLHF를 활용한 AWS 기반 생성형 AI 구축 가이드","Fregly, Chris",위키북스,2024,단행본,1관4층 일반도서 [006.3 F858g K]정리중
미국 증거법,강병진,법률신문사,2024,단행본,법학전문도서관 단행본서가 [LA 347.736 강44ㅁ]정리중
미국 신탁 및 유언법,강병진,법률신문사,2024,단행본,법학전문도서관 단행본서가 [LA 346.73054 강44ㅁ]정리중
경쟁법 : 독점규제 및 공정거래 / 2판 전면개정판,김두진,동방문화사,2024,단행본,법학전문도서관 단행본서가 [LA 343.51907 김227ㄱ]정리중
(2024년 제25회) 젊은평론가상 수상작품집,안서연,작가,2024,단행본,2관5층 일반도서 [811.09 젊68 2024]대출중
무의식은 어떻게 나를 설계하는가 : 나를 살리기도 망치기도 하는 머릿속 독재자,"Eagleman, David",알에이치코리아,2024,단행본,1관3층 일반도서 [153 E11in K]대출중
말의 힘 : 나를 바꾸고 운명을 바꾸는 긍정의 기술,윤석금,리더스북 : 웅진씽크빅,2024,단행본,2관4층 일반도서 [650.1 윤532ㅁ]대출중
The singularity is nearer : when we merge with AI,"Kurzweil, Ray",Viking,2024,단행본,2관4층 일반도서 [612.82 K96s]대출중
러브 섬바디 : C. R. 로섹 장편소설,"Roasek, Rachel",폭스코너,2024,단행본,2관6층 일반도서 [823.92 R6281 l K]정리중
1984,"Orwell, George",올리버 : 탐나는책,2024,단행본,2관6층 일반도서 [827.9 O 79n K/2024b]정리중
"9 Voices, 9 Values : 가치의 조각들: 아홉 작가의 이야기",서유나,창조와지식,2024,단행본,2관5층 일반도서 [811.8808 N714]정리중
유산시리즈,"Jemisin, N. K.",황금가지 : 민음인,2024,단행본,2관6층 일반도서 [823.92 J49i K]정리중
프랭크 허버트 단편 걸작선,"Herbert, Frank",황금가지 : 민음인,2024,단행본,2관6층 일반도서 [823.914 H537 K/2024]정리중
에스겔·호세아 연구 입문,"Davies, Philip R.",CLC : 기독교문서선교회,2024,단행본,1관3층 일반도서 [224.4 D257e K]정리중
이집트 상형문자 필사 노트,유성환,휴머니스트출판그룹,2024,단행본,2관4층 일반도서 [493.1 유53ㅇ]정리중
Catholics and violence in the nineteenth-century global world,"Bouwers, Eveline G.",Routledge,2024,단행본,1관3층 일반도서 [261.83 C3635]정리중
"Foucault and the history of philosophical transcendence : freedom, nature and agency","Falzon, Christopher",Bloomsbury Academic,2024,단행본,1관3층 일반도서 [194 F762FZ]정리중
Confronting China : US defense policy in an era of great power competition,"Anderson, James H.",Bloomsbury Academic,2024,단행본,2관3층 일반도서 [355.0310973 C748]정리중
"Ecolinguistics and environment in education : language, culture and textual analysis","Bellewes, Emile",Bloomsbury Academic,2024,단행본,2관3층 일반도서 [306.44 B442e]정리중
길가메쉬,"Harder, Jens",마르코폴로,2024,단행본,1관3층 대형도서 [대 892.1 G473HA K]정리중
"Tracks on the ocean : a history of trailblazing, maps, and maritime travel","Caputo, Sara",The University of Chicago,2024,단행본,2관4층 일반도서 [387.509 C255t]정리중
"Critical infrastructure protection, risk management, and resilience : a policy perspective / 2nd ed","Pesch-Cronin, Kelley A",Routledge,2024,단행본,2관3층 일반도서 [363.60681 P473c 2024]정리중
Biosecurity : a systems perspective,"Hester, Susan M.",CRC,2024,단행본,2관4층 일반도서 [614.44 B616]정리중
Advancing sustainable science and technology for a resilient future,"Oruganti, Sai Kiran",CRC,2024,단행본,2관3층 일반도서 [338.927 A244]정리중
Adaptive detection for multichannel signals in non-ideal environments,"Wang, Zeyu",CRC,2024,단행본,2관4층 일반도서 [621.3822 W246a]정리중
도리언 그레이의 초상 / 2판,"Wilde, Oscar",문예출판사,2024,단행본,2관6층 일반도서 [822.8 W672p K/2024a]대출중
문화의 수수께끼를 풀다 : 문화 상대주의로 세상을 바꾼 인류학의 모험가들,"King, Charles",교양인,2024,단행본,2관3층 일반도서 [306 K52g K]대출중
노화를 늦추는 뇌 건강법,전유전,어른의시간,2024,단행본,2관4층 일반도서 [612.82 전67ㄴ]대출중
"반 고흐, 영혼의 편지 : 고흐의 불꽃같은 열망과 고독한 내면의 기록 / 4판","Gogh, Vincent van",위즈덤하우스,2024,단행본,2관5층 일반도서 [759.9492 G613 2024/K]대출중
서른에 읽는 프로이트 : 불안정한 시기에 만나는 심리학의 거장,성유미,유노북스 : 유노콘텐츠그룹,2024,단행본,1관3층 일반도서 [150.1952 F889성]대출중
살아 있는 자들을 위한 죽음 수업 : 한 법의학자가 수천의 인생을 마주하며 깨달은 삶의 철학,이호,웅진지식하우스 : 웅진씽크빅,2024,단행본,1관3층 일반도서 [128.5 이95ㅅ]대출중
(운명을 바꾸는) 말하기 수업 : 인생의 가치를 끌어올리는 결정적 기술,이영선,웅진지식하우스 : 웅진씽크빅,2024,단행본,2관5층 일반도서 [808.5 이641ㅁ]대출중
몰락의 대가 : 기후위기와 물가 그리고 명제국의 붕괴,"Brook, Timothy",너머북스,2024,단행본,3관4층 일반도서 [951.026 B871p K]대출중
The adoption of FinTech,"Jafar, Syed Hasan",Routledge,2024,단행본,2관3층 일반도서 [332.10285 A239]정리중
Sustainability of natural resources,"Kumar, Rohitashw",CRC,2024,단행본,2관3층 일반도서 [333.9104 S964]정리중
Mechanics and physics of porous materials,"Chia, Chin Hua",CRC,2024,단행본,2관4층 일반도서 [620.116 M486]정리중
"Managing diversity, equity, and inclusion in public service organizations","Chordiya, Rashmi",Routledge,2024,단행본,2관3층 일반도서 [352.608 C551m]정리중
Intersectionality and leading social change in education,"Wang, Aubrey H.",Routledge,2024,단행본,2관3층 일반도서 [371.20110973 I 61]정리중
Global perspectives on teaching with technology,"Chigona, Agnes",Routledge,2024,단행본,2관3층 일반도서 [371.33 G562]정리중
Deep neural networks enabled intelligent fault diagnosis of mechanical systems,"Yan, Ruqiang",CRC,2024,단행본,2관4층 일반도서 [620.00452 Y21d]정리중
미국 증거법,강병진,법률신문사,2024,단행본,법학전문도서관 단행본서가 [LA 347.736 강44ㅁ]정리중
미국 신탁 및 유언법,강병진,법률신문사,2024,단행본,법학전문도서관 단행본서가 [LA 346.73054 강44ㅁ]정리중
경쟁법 : 독점규제 및 공정거래 / 2판 전면개정판,김두진,동방문화사,2024,단행본,법학전문도서관 단행본서가 [LA 343.51907 김227ㄱ]정리중
(2024년 제25회) 젊은평론가상 수상작품집,안서연,작가,2024,단행본,2관5층 일반도서 [811.09 젊68 2024]대출중
무의식은 어떻게 나를 설계하는가,"Eagleman, David",알에이치코리아,2024,단행본,1관3층 일반도서 [153 E11in K]대출중
말의 힘,윤석금,리더스북 : 웅진씽크빅,2024,단행본,2관4층 일반도서 [650.1 윤532ㅁ]대출중
The singularity is nearer,"Kurzweil, Ray",Viking,2024,단행본,2관4층 일반도서 [612.82 K96s]대출중
러브 섬바디,"Roasek, Rachel",폭스코너,2024,단행본,2관6층 일반도서 [823.92 R6281 l K]정리중
1984,"Orwell, George",올리버 : 탐나는책,2024,단행본,2관6층 일반도서 [827.9 O 79n K/2024b]정리중
"9 Voices, 9 Values",서유나,창조와지식,2024,단행본,2관5층 일반도서 [811.8808 N714]정리중
유산시리즈,"Jemisin, N. K.",황금가지 : 민음인,2024,단행본,2관6층 일반도서 [823.92 J49i K]정리중
프랭크 허버트 단편 걸작선,"Herbert, Frank",황금가지 : 민음인,2024,단행본,2관6층 일반도서 [823.914 H537 K/2024]정리중
에스겔·호세아 연구 입문,"Davies, Philip R.",CLC : 기독교문서선교회,2024,단행본,1관3층 일반도서 [224.4 D257e K]정리중
이집트 상형문자 필사 노트,유성환,휴머니스트출판그룹,2024,단행본,2관4층 일반도서 [493.1 유53ㅇ]정리중
Catholics and violence in the nineteenth-century global world,"Bouwers, Eveline G.",Routledge,2024,단행본,1관3층 일반도서 [261.83 C3635]정리중
Foucault and the history of philosophical transcendence,"Falzon, Christopher",Bloomsbury Academic,2024,단행본,1관3층 일반도서 [194 F762FZ]정리중
Confronting China,"Anderson, James H.",Bloomsbury Academic,2024,단행본,2관3층 일반도서 [355.0310973 C748]정리중
Ecolinguistics and environment in education,"Bellewes, Emile",Bloomsbury Academic,2024,단행본,2관3층 일반도서 [306.44 B442e]정리중
길가메쉬,"Harder, Jens",마르코폴로,2024,단행본,1관3층 대형도서 [대 892.1 G473HA K]정리중
이것이 새입니까? : 브랑쿠시와 세기의 재판,"Nebbache, Arnaud",바람북스,2024,단행본,2관5층 일반도서 [741.5944 N358b K]대출중
긍정정서치료 : 우울과 불안에 대한 새로운 접근 : 워크북,"Meuret, Alicia E",학지사,2024,단행본,2관4층 일반도서 [616.8527 P855 K]대출가능
모든 날이 은혜스럽다,김병삼,두란노서원,2024,단행본,1관3층 일반도서 [248.4 김445ㅁ]대출중
(한국에서 만나는) 세계 거장들의 건축 : 정균영의 건축여행,정균영,더봄,2024,단행본,2관5층 일반도서 [720.2 정17ㅅ]대출중
너무나 정치적인 시골살이 : 망해가는 세계에서 더 나은 삶을 지어내기 위하여,양미,동녘,2024,단행본,2관3층 일반도서 [307.72 양39ㄴ]대출중
갈릴래아 예수 : 가난한 사람들과 예수의 갈등,김근수,동연,2024,단행본,1관3층 일반도서 [232 김18 v.1]대출중
천 번을 흔들리며 아이는 어른이 됩니다 : 사춘기 성장 근육을 키우는 뇌·마음 만들기,김붕년,21세기북스 : 북이십일,2024,단행본,2관4층 일반도서 [649.125 김47ㅊ]대출중
로미오와 줄리엣,"Shakespeare, William",올리버 : 탐나는책,2024,단행본,2관6층 일반도서 [822.33 U3 K/2024]정리중
HRD 연구방법론,김태성,박영story : 피와이메이트,2024,단행본,2관5층 일반도서 [658.3124 H8733]정리중
미스 몰,"Young, E. H",휴머니스트출판그룹,2024,단행본,2관6층 일반도서 [823.912 Y71m K]정리중
사생아,"Olivier, Edith",휴머니스트출판그룹,2024,단행본,2관6층 일반도서 [823.912 O 49 l K]정리중
중국소설사 연구,소천 환수,한국문화사,2024,단행본,2관5층 일반도서 [812.3009 소813ㅈ K]정리중
영화는 역사가 아니다 : 한국 현대사 영화는 어떻게 관객을 사로잡았나,정영권,한국문화사,2024,단행본,2관5층 일반도서 [791.430951 영963]정리중
포스트시네마가 사유하는 인공지능,장미화,한국문화사,2024,단행본,2관5층 일반도서 [791.4302 장39ㅍ]정리중
民法原論 / 제4판,지원림,弘文社,2024,단행본,법학전문도서관 단행본서가 [LA 346.51 지67ㅁㅇ 2024]정리중
중대재해 사고백서 : 2024 우연히 일어난 사고는 없다 /[,남지윤,큐라인 : 고용노동부,2024,단행본,2관4층 일반도서 [620.86 중222]정리중
와인과 페어링 : 슬기로운 방구석 와인 생활2,임승수,수오서재,2024,단행본,2관4층 일반도서 [641.22 임58ㅇㄱ]대출중
"진료실 자본론 : 어느 개원의의 고민, 히포크라테스냐 자영업자냐, 그것이 문제로다",전영웅,청아출판사,2024,단행본,2관3층 일반도서 [362.11068 전64ㅈ]대출중
불교경제학,클레어 브라운,운주사,2024,단행본,중앙도서관 [ ]정리중
"이스라엘 대사가 들려주는 창세기, 위대한 시작의 이야기",아키바 토르,미래사,2024,단행본,중앙도서관 [ ]정리중
모든 것이 은총인 것을,박찬호,수원가톨릭대학교출판부,2024,단행본,중앙도서관 [ ]정리중
통감부의 계몽과 교육,임상석,보고사,2024,단행본,중앙도서관 [ ]정리중
입중론일광소1,이씨펑춰 켄포,문진,2024,단행본,중앙도서관 [ ]정리중
校勘標點 退溪全書1,李混,퇴계학연구원,2024,단행본,중앙도서관 [ ]정리중
校勘標點 退溪全書2,李混,퇴계학연구원,2024,단행본,중앙도서관 [ ]정리중
譯匙 退溪全書 1,이황,퇴계학연구원,2024,단행본,중앙도서관 [ ]정리중
譯匙 退溪全書2,이황,퇴계학연구원,2024,단행본,중앙도서관 [ ]정리중
譯匙 退溪全書3,이황,퇴계학연구원,2024,단행본,중앙도서관 [ ]정리중
譯匙 退溪全書4,이황,퇴계학연구원,2024,단행본,중앙도서관 [ ]정리중
통섭학의 거인 여암 신경준,김슬옹,인쇄향출판부,2024,단행본,중앙도서관 [ ]정리중
한국사회의 불평등과 공정성,조윤직,문우사,2024,단행본,중앙도서관 [ ]정리중
한국독립운동 인명사전 제 18권,한국독립운동인명사전 편찬위원회,독립기념관,2024,단행본,중앙도서관 [ ]정리중
한국독립운동 인명사전 제 19권,한국독립운동인명사전 편찬위원회,독립기념관,2024,단행본,중앙도서관 [ ]정리중
한국독립운동 인명사전 제 20권,한국독립운동인명사전 편찬위원회,독립기념관,2024,단행본,중앙도서관 [ ]정리중
한국독립운동 인명사전 제 21권,한국독립운동인명사전 편찬위원회,독립기념관,2024,단행본,중앙도서관 [ ]정리중
한국독립운동 인명사전 제 22권,한국독립운동인명사전 편찬위원회,독립기념관,2024,단행본,중앙도서관 [ ]정리중
한국독립운동 인명사전 제 23권,한국독립운동인명사전 편찬위원회,독립기념관,2024,단행본,중앙도서관 [ ]정리중
한국독립운동 인명사전 제 24권,한국독립운동인명사전 편찬위원회,독립기념관,2024,단행본,중앙도서관// [ ]정리중 선택
한국독립운동 인명사전 제 25권,한국독립운동인명사전 편찬위원회,독립기념관,2024,단행본,중앙도서관 [ ]정리중
체부Ⅱ,나봉주,박영사,2024,단행본,중앙도서관 [ ]정리중
대원만 정도 광명,닝마파 조사,문진,2024,단행본,중앙도서관 [ ]정리중
"그날, 신혼의 단꿈은 깨지고",국립순천대학교 10.19연구소,심미안,2024,단행본,중앙도서관 [ ]정리중
한국기독교교회협의회100년사,안교성,한국기독교교회협의회,2024,단행본,중앙도서관 [ ]정리중
한국기독교사회운동사1,강성호,한국기독교교회협의회,2024,단행본,중앙도서관 [ ]정리중
한국기독교사회운동사2,강성호,한국기독교교회협의회,2024,단행본,중앙도서관 [ ]정리중
한국기독교사회운동사3,강성호,한국기독교교회협의회,2024,단행본,중앙도서관 [ ]정리중
"게임이론, 외교사 및 안보학",Frank C. Zagare,국방대학교 국가안전보장문제연구소,2024,단행본,중앙도서관 [ ]정리중
현대전쟁 : 아주 간략한 개론,Richard English,국방대학교 국가안전보장문제연구소,2024,단행본,중앙도서관 [ ]정리중
정보통신 선진화 30년 시리즈1 : 전 국민 자동전화공급 조기완성,이정욱,도서출판 홍릉,2024,단행본,중앙도서관 [ ]정리중
정보통신 선진화 30년 시리즈2 : 초고속 정보통신 시대의 실현,이정욱,도서출판 홍릉,2024,단행본,중앙도서관 [ ]정리중
정보통신 선진화 30년 시리즈3 : 21세기를 위한 차세대 정보통신,이정욱,도서출판 홍릉,2024,단행본,중앙도서관 [ ]정리중
입중론일광소3,이씨펑춰 켄포,문진,2024,단행본,중앙도서관 [ ]정리중
까르마 업보윤회사상의 기원과 전개,요하네스 브롱코스트,운주사,2024,단행본,중앙도서관 [ ]정리중
불교외 과학 불교의 지혜와 서양의 과학이 만나다,앨런 윌리스,운주사,2024,단행본,중앙도서관 [ ]정리중
선과 유식 깨달음의 구조,다케무라 마키오,운주사,2024,단행본,중앙도서관 [ ]정리중
무에 대한 탐구 불교와 비평이론,마커스 분,운주사,2024,단행본,중앙도서관 [ ]정리중
불교윤리학 입문,데미언 키온,운주사,2024,단행본,중앙도서관 [ ]정리중
플랫폼 독점규제 입법의 주요 쟁점,이봉의,박영사,2025,단행본,법학전문도서관/단행본서가/ [ ]정리중
(新) 민법강의 / 제18판,송덕수,박영사,2025,단행본,법학전문도서관 단행본서가 [ ]정리중
民法講義 / 제22판,지원림,弘文社,2025,단행본,법학전문도서관 단행본서가 [ ]정리중
상법강의. 하 / 제24판,정찬형,박영사,2025,단행본,법학전문도서관 단행본서가 [ ]정리중
"로마인들의 지혜, 로마법의 법격언",한동일,박영사,2025,단행본,법학전문도서관 단행본서가 [ ]정리중
채무자회생법 / 제9판,전대규,法文社,2025,단행본,법학전문도서관 단행본서가 [ ]정리중
"도산, 일상으로의 회복 / 제3판",전대규,法文社,2025,단행본,법학전문도서관 단행본서가 [ ]정리중
아파트 하자소송의 이론과 쟁점,이수철,박영사,2025,단행본,법학전문도서관 단행본서가 [ ]정리중
민법의 세계 : 채권법 / 제16판,양형우,정독,2025,단행본,법학전문도서관 단행본서가 [ ]정리중
"알고리즘, 패러다임, 법","Daston, Lorraine",까치 : 까치글방,2025,단행본,법학전문도서관 단행본서가 [LA 303.36 D231r K]정리중
Intimate revolt : the powers and limits of psychoanalysis / 2nd ed,"Kristeva, Julia",Columbia University,2025,단행본,2관5층 일반도서 [809.93353 K921r 2025/E]대출가능
The Routledge introduction to American comics,"Kunka, Andrew",Routledge,2025,단행본,2관5층 일반도서 [741.5973 K96r]대출가능
Mapping inequality in an era of neoliberalism,"Valocchi, Stephen M.",Routledge,2025,단행본,2관3층 일반도서 [305.50973 V198m]정리중
"Tolerance, a concept in crisis","Berman, Avi",Routledge,2025,단행본,1관3층 일반도서 [179.9 T6491]정리중
Participatory research in sport and physical activity,"Rich, Kyle A.",Routledge,2025,단행본,2관4층 일반도서 [613.71 P273]정리중
빛의 혁명과 반혁명 사이,박구용,시월,2025,단행본,2관3층 일반도서 [303.6 박17ㅂ]대출중
Gender inequality in the global labor market,"Rodríguez Pérez, Reyna Elizabeth",Routledge,2025,단행본,2관3층 일반도서 [331.4133 G3253]정리중
Cell signaling : principles and mechanisms / 2nd ed,"Lim, Wendell",CRC,2025,단행본,2관4층 일반도서 [571.74 L732c 2025]정리중
Facts and explanations in international studies,"Jackson, Patrick Thaddeus",Routledge,2025,단행본,2관3층 일반도서 [327.1014 J13f]정리중
Horror and science fiction cinema and society,"Harris, Martin",Routledge,2025,단행본,2관3층 일반도서 [302.2343 H315h]정리중
Routledge handbook on global China,"Mayer, Maximilian",Routledge,2025,단행본,2관3층 일반도서 [327.5200905 R869]정리중
여자 셋이 모이면 집이 커진다,김은하,서스테인,2024,단행본,2관5층 일반도서 [811.88 김6822ㅇ]대출중
아이의 뇌,김붕년,포레스트북스,2024,단행본,2관4층 일반도서 [649.1 김471ㅇ]대출중
동학사,오지영,아카넷,2024,단행본,3관4층 일반도서 [951.591 오79ㄷ 2024]대출중
오스카 코코슈카,"Görner, Rüdiger",북캠퍼스,2024,단행본,2관5층 일반도서 [759.36 K79G K]대출중
Professional interpreting programmes in China,"Wang, Yinying",Routledge,2024,단행본,중앙도서관 단행본서가 [ ]정리중
숨진 김 영감네 개가 수상하다,서메리,& : 넥서스,2024,단행본,중앙도서관 [ ]정리중
헤겔과 현대 사회,"Taylor, Charles",세창,2024,단행본,중앙도서관 [ ]정리중
"탈학습, 한나 아렌트의 사유방식","Knott, Marie Luise",산지니,2024,단행본,중앙도서관 [ ]정리중
"근대 기행문 자료집. 1, 경성ㆍ전국일주",서경석,민속원,2024,단행본,중앙도서관 [ ]정리중
캐스터 탐정,수당 레나,소미미디어,2024,단행본,중앙도서관 [ ]정리중
지명관일기. 1,지명관,소명,2024,단행본,중앙도서관 [ ]정리중
한국 현대사 산책 : 2010년대편 1권,강준만,인물과사상사,2024,단행본,중앙도서관 [ ]정리중
한국 현대사 산책 : 2010년대편 2권,강준만,인물과사상사,2024,단행본,중앙도서관 [ ]정리중
2030년 돈의 세계지도,"Rogers, Jim",알파미디어,2024,단행본,중앙도서관 [ ]정리중
"스물에 이르러, 스물에 이르기까지",조윤택,부크크,2024,단행본,중앙도서관 [ ]정리중
Electoral systems,"Carter, Elisabeth L",Bloomsbury Academic,2024,단행본,2관3층 일반도서 [324 C323e 2024]대출가능
Working together in theatre,"Cohen, Robert",Methuen Drama,2024,단행본,2관5층 일반도서 [792.02 C678w 2024]대출가능
미완의 정의를 향하여,이웅,지식과감성#,2024,단행본,법학전문도서관 단행본서가 [LA 340 이671ㅁ]정리중
변호사가 병원을 말하다,오승준,하움,2024,단행본,법학전문도서관 단행본서가 [ ]정리중
공공계약과 경쟁,김진기,박영사,2024,단행본,법학전문도서관/단행본서가/ [ ]정리중
성냥팔이 소녀는 누가 죽였을까?,도진기,추수밭 : 청림,2024,단행본,법학전문도서관 단행본서가 [ ]정리중
"교통사고, 지식iN과 GAI에 물어는 봤수?",박승범,깊은샘,2024,단행본,법학전문도서관 단행본서가 [ ]정리중
(보험사도 모르는) 교통사고 판결의 비밀,인수열,깊은샘,2024,단행본,법학전문도서관 단행본서가 [ ]정리중
헌법의 탄생,차병직,바다,2024,단행본,법학전문도서관 단행본서가 [ ]정리중
이런 법도 모르고 1인 미디어 하지 마라,김민철,루아크,2024,단행본,법학전문도서관 단행본서가 [ ]정리중
인공지능(AI)과 개인정보 보호법,박미사,내를 건너서 숲으로,2024,단행본,법학전문도서관 단행본서가 [ ]정리중
음악인을 위한 권리 해설서,전유림,태림스코어,2024,단행본,법학전문도서관 단행본서가 [ ]정리중
법교육이란 무엇인가,곽한영,박영story : 피와이메이트,2024,단행본,법학전문도서관 단행본서가 [ ]정리중
노후 계획도시 특별법,송현진,진원북스,2024,단행본,법학전문도서관 단행본서가 [ ]정리중
요건사실과 주장증명책임,최진수,진원사,2024,단행본,법학전문도서관 단행본서가 [ ]정리중
상법강의요론,정찬형,박영사,2024,단행본,법학전문도서관 단행본서가 [ ]정리중
특별형법,이주원,弘文社,2024,단행본,법학전문도서관 단행본서가 [ ]정리중
상법기본강의,이상수,피앤씨미디어,2024,단행본,법학전문도서관 단행본서가 [ ]정리중
형법각론,김성돈,박영사,2024,단행본,법학전문도서관 단행본서가 [ ]정리중
중대재해처벌법 해설,김영규,법문사,2024,단행본,법학전문도서관 단행본서가 [ ]정리중
민사조정,안지현,박영사,2024,단행본,법학전문도서관 단행본서가 [ ]정리중
공정거래법,김성삼,한국공정경쟁연합회,2024,단행본,법학전문도서관 단행본서가 [ ]정리중
법정의 얼굴들,박주영,모로,2024,단행본,법학전문도서관 단행본서가 [ ]정리중
기부금품법 함께 읽기,박훈,아름다운 북,2024,단행본,법학전문도서관 단행본서가 [ ]정리중
미국 계약법 / 제3판,조국현,진원북스,2024,단행본,법학전문도서관/단행본서가/ [ ]정리중
읽기 쉬운 민법 : 법률로 배우는 민법 / 제2판,이진기,유원북스,2024,단행본,법학전문도서관/단행본서가/ [ ]정리중
해사경쟁법 연구. 1,김인현,法文社,2024,단행본,법학전문도서관/단행본서가/ [ ]정리중
검사의 탄생 : 지금 이 순간 당신에게 필요한 검찰 공부,검찰연구모임 리셋,윌북,2024,단행본,법학전문도서관/단행본서가/ [ ]정리중
新 민법사례연습 / 제7판,송덕수,박영사,2024,단행본,법학전문도서관/단행본서가/ [ ]정리중
허위신고(고소) 무고죄 고소장 작성방법/고소방법,대한법률콘텐츠연구회,법문북스,2024,단행본,법학전문도서관/단행본서가/ [ ]정리중
미국 구제법,강병진,법률신문사,2024,단행본,법학전문도서관/단행본서가/ [ ]정리중
바이마르 헌법과 정치사상 / [개정판],"Heller, Hermann",산지니,2024,단행본,법학전문도서관/단행본서가/ [ ]정리중
"좋은 변론, 좋은 변호사",윤재윤,법률신문사,2024,단행본,법학전문도서관 단행본서가 [LA 340 윤72ㅈ]정리중
사이버범죄와 형사법,최호진,준커뮤니케이션즈,2024,단행본,법학전문도서관 단행본서가 [LA 364.168 최95ㅅ]정리중
마흔에 읽는 소크라테스 : 인생의 굽잇길을 넘는 철학 수업,임성훈,유노북스 : 유노콘텐츠그룹,2024,단행본,1관3층 일반도서 [183.2 S678임]정리중
"표류하는 섬, 표류하는 사람들 : 근대 이후 조선인들의 대마도 방문기",임경화,學古房,2024,단행본,2관6층 일반도서 [915.304 표237]정리중
"격강투지 : 제갈량과 주유, 장강을 사이에 두고 지략을 겨루다",장무순,지만지드라마,2024,단행본,2관5층 일반도서 [812.24 원151 K]정리중
요코하마 코인 세탁소,천 유타카,서사원,2024,단행본,2관6층 일반도서 [813.38 천671ㅎ K]정리중
일인칭 전업작가 시점 : 각자도생의 시대에서 글쟁이로 살아남는 법 : 심너울 에세이,심너울,문학수첩,2024,단행본,법학전문도서관 단행본서가 [LA 811.48 심213ㅇ]정리중
"사무라이 이야기 : 인물과 사건으로 읽는 일본, 칼의 역사",박현석,玄人,2024,단행본,3관4층 일반도서 [953 시37 K]대출가능
대한민국 자치행정학 연구,최진혁,충남대학교출판문화원,2024,단행본,2관3층 일반도서 [352.140951 최79ㄷ]대출가능
한국사회복지 법제와 실천,임승규,탑21북스,2024,단행본,법학전문도서관 단행본서가 [LA 344.5103 임58ㅎ]대출가능
국치를 잊지 말라 : 역사적 기억으로 본 중국의 정치와 외교,왕정,여문책,2024,단행본,2관3층 일반도서 [327.52 W246n K]대출가능
지방재정론 / 개정판(제2판),이재원,윤성사,2024,단행본,2관3층 일반도서 [336.014 이72ㅈ 2024]대출가능
(기후 변화와 ESG 시대의) 환경정책과 행정,사득환,윤성사,2024,단행본,2관3층 일반도서 [363.7 환1413]대출가능
복지분권의 이해,김이배,박영story : 박영사 : 피와이메이트,2024,단행본,2관3층 일반도서 [352.14 김69ㅂ]대출가능
이주와 이주공동체,지영임,민속원,2024,단행본,2관3층 일반도서 [303.482 지64ㅇ]대출가능
가족복지론,강영숙,공동체,2024,단행본,2관3층 일반도서 [362.82 강64ㄱ]대출가능
방산안보학개론,류연승,박영사,2024,단행본,2관3층 일반도서 [338.47355 방51]대출가능
오직 강자만 : 미국의 힘을 와해시키려는 좌파의 음모를 뒤집다,"Cotton, Tom",더런,2024,단행본,2관3층 일반도서 [324.2736 C851 O K]대출가능
우리는 모두 불평등한 세계에 살고 있다 : 기울어진 세계에서 생존하는 법,"Kim, Michelle Mijung",쌤앤파커스,2024,단행본,2관3층 일반도서 [303.372 K49w K]대출가능
사회복지실천기술론,이경희,동문사,2024,단행본,2관3층 일반도서 [361.32 사9635]대출가능
21세기 인권법,손형섭,박영사,2024,단행본,법학전문도서관 단행본서가 [LA 342.085 이59]대출가능
보통사람의 정치학,"Wong, Ayman Rashdan",산지니,2024,단행본,2관3층 일반도서 [320 W872p K]대출가능
인물로 바라보는 대한민국 : 애덤 스미스에서 윤석열까지,이경식,일송북,2024,단행본,2관3층 일반도서 [301.0951 이14ㅇ]대출가능
공격하는 인간 : 호모 잉쿠르시오스,조인숙,국민대학교출판부,2024,단행본,2관3층 일반도서 [302.23 조69ㄱ]대출가능
아동복지론,강영숙,정민사,2024,단행본,2관3층 일반도서 [362.7 아22517]대출가능
(알기 쉬운) 인간행동과 사회환경,유미림,동문사,2024,단행본,2관3층 일반도서 [302 유39ㅇ]대출가능
"한반도 국가의 정치 군사적 조건 : the Korean Peninsula, 676~1885",손동완,바른북스,2024,단행본,2관3층 일반도서 [355.033551 손225ㅎ]대출가능
은폐된 노예제,식촌 방언,해남,2024,단행본,2관3층 일반도서 [305.5 식815ㅇ K]대출가능
"탈북 32년, 두만강 넘어 시드니 : 연합뉴스 기자의 30년 동행 취재기",김재홍,황금알,2024,단행본,2관3층 일반도서 [325.21 김72ㅌ]대출가능
윤보선과 1970년대 한국정치,윤보선민주주의연구원,한국학중앙연구원출판부,2024,단행본,3관4층 일반도서 [951.63092 윤45윤ㅇ]대출가능
"공수처, 아무도 가지 않은 길 : 초대 공수처장이 말하다",김진욱,알에이치코리아,2024,단행본,법학전문도서관 단행본서가 [LA 345.02323 김79ㄱ]대출가능
"정당 없는 민주주의는 없다 : 한국 정치, 현실을 넘어 미래로",곽진영,21세기북스,2024,단행본,2관3층 일반도서 [324.251 정2211]대출가능
정책학의 심층분석 : 정책학이란 무엇인가?,권기헌,박영사,2024,단행본,2관3층 일반도서 [352.34 권19ㅈㅂ]대출가능
"최고의 선택, 카멀라 해리스",이채윤,작가교실,2024,단행본,2관3층 일반도서 [320.092 H314이]대출가능
디지털 저널리즘 연구란 무엇인가?,"Steensen, Steen",지금,2024,단행본,1관4층 일반도서 [070.1 S814w K]대출가능
이승만 스피치 1950 : 전쟁과 결의,이승만,투나미스,2024,단행본,3관4층 일반도서 [951.62092 이58 2024]대출가능
DMZ의 꿈 : 기후 행동을 통해 재창조된 유라시아,이근중,좋은땅,2024,단행본,2관3층 일반도서 [327.17 이18d]대출가능
"우크라이나와 러시아 특수 군사 작전 그리고 푸틴 대통령 : 영국과 미국이 끝내 침탈하지 못한 자원강국, 러시아",이유섭,좋은땅,2024,단행본,2관3층 일반도서 [327.470477 이67ㅇ]대출가능
말투만 바꿨을 뿐인데 : 찰나의 말투 하나로 당신의 인생이 놀랍게 달라진다!,김민성,프로파일러북스,2024,단행본,2관5층 일반도서 [808.56 김391ㅁ]대출가능
밤이 끝나는 곳 : 온다 리쿠 장편소설,은전 육,SIGONGSA,2024,단행본,2관6층 일반도서 [813.37 은73ㅇㄱ K]대출가능
분노와 슬픔의 스토리텔링,송상근,푸블리우스,2024,단행본,1관4층 일반도서 [070.4 송51ㅂ]대출가능
시차,배해률,이음,2024,단행본,2관5층 일반도서 [811.28 배92ㅅㅊ]대출가능
앨리스와의 티타임 : 정소연 소설집,정소연,래빗홀 : 인플루엔셜,2024,단행본,2관5층 일반도서 [811.38 정554ㅇㄹ]대출가능
울프 홀 : 힐러리 맨틀 장편소설,"Mantel, Hilary",문학동네,2024,단행본,2관6층 일반도서 [823.914 M292w K]대출가능
"이기는 언어 : 우아하게, 거침 없이 원하는 것을 얻는 대화의 기술","Nöllke, Matthias",더페이지,2024,단행본,2관4층 일반도서 [650.13 N796s 2019/ K]대출가능
지금 사랑한다고 말하세요 : 당신에게 들려주고 싶은 80가지 짧은 이야기,김창옥,수오서재,2024,단행본,1관3층 일반도서 [158.1 김811ㅈㄱ]대출가능
"(구약성경·신구약 외경과 함께 본) 네 복음서 대조. 1, 마태오 복음",정태현,한님성서연구소,2024,단행본,1관3층 일반도서 [226.1 네45]대출중
"칠십인역 우리말 번역 : 필요성과 의미, 하박국서 본문의 실례",한국칠십인역번역위원회,감은사,2024,단행본,1관3층 일반도서 [224.95 한17ㅊ]대출가능
(The basic 민법) 신입생 가이드북,정연석,정독,2024,단행본,법학전문도서관 단행본서가 [LA 346 정64ㅅ]대출가능
제주 남쪽 : 서귀포시 동지역,문신희,21세기북스 : 북이십일,2024,단행본,2관6층 일반도서 [915.198 문59ㅈ]대출가능
실패 없는 젠더 표현 가이드북 : 혼잣말도 바꾼다,일본신문노련 젠더 표현 가이드북 편집팀,마티,2025,단행본,1관4층 일반도서 [070.4082 일45ㅅ K]대출중
고대 이집트 전쟁론,유성환,씨아이알,2024,단행본,2관6층 일반도서 [932 유53ㄱ]대출가능
게임 데이터 분석의 노하우,ThinkingData,AK IT : 에이케이커뮤니케이션즈,2024,단행본,2관5층 일반도서 [794.8 T443ㅇ K]정리중
먼 산의 기억,"Pamuk, Orhan",민음사,2024,단행본,2관6층 일반도서 [894.3533 P186u K]대출가능
오만과 편견,"Austen, Jane",시간과공간사,2024,단행본,2관6층 일반도서 [823.7 A933p 2024d/K]정리중
미국의 동맹전략,이만석,플래닛미디어,2024,단행본,2관3층 일반도서 [327.51073 이31ㅁ]정리중
멕시칸 아메리칸의 역사,이은아,지식과감성#,2024,단행본,3관4층 일반도서 [973 이68ㅁ]정리중
어떻게 미국을 다시 위대하게 만들 것인가,"Trump, Donald J.",이레미디어,2024,단행본,2관3층 일반도서 [320.60973 T871c K/2024]정리중
Louis Stettner,"Stettner, Louis",Thames & Hudson,2024,단행본,1관3층 대형도서 [대 779.092 S841 2024]대출가능
Chinua Achebe,"Falola, Toyin",Bloomsbury Academic,2024,단행본,2관6층 일반도서 [823.914 A177F]대출가능
Nurturing 'difficult conversations' in education,"Fleming, Katarzyna",Bloomsbury Academic,2024,단행본,2관3층 일반도서 [370.1523 N974]대출가능
Soviet SCI_BERIA,"Tatarchenko, Ksenia",Bloomsbury Academic,2024,단행본,2관4층 일반도서 [607.24757 T216s]대출가능
Areruya and indigenous prophetism in Northern Amazonia,"Amaral, Virgínia",Bloomsbury Academic,2024,단행본,2관3층 일반도서 [305.8009811 A485 2024/E]대출가능
Herman Melville and neurodiversity,"Martinez Benedí, Pilar",Bloomsbury Academic,2024,단행본,2관6층 일반도서 [823.8 M531MT]대출가능
Post socialist dance,"Van Assche, Annelies",Methuen Drama,2024,단행본,2관5층 일반도서 [792.8090904 P858]대출가능
김지하를 다시 본다,염무웅,개마서원,2024,단행본,2관5층 일반도서 [811.17 김79김지]대출중
나는 미국 월배당 ETF로 40대에 은퇴한다,최영민,지음미디어,2024,단행본,2관3층 일반도서 [332.6322 최64ㄴ]대출가능
정서중심상담의 실제,"Elliott, Robert",학지사,2024,단행본,2관4층 일반도서 [616.8914 E46e K]대출가능
단어가 품은 세계,황선엽,빛의서가 : 리더스 그라운드,2024,단행본,2관4층 일반도서 [411.4 황53ㄷ]대출가능
들뢰즈 경제학,강윤호,북랩,2024,단행본,2관3층 일반도서 [330 강67ㄷ]대출가능
"위스키, 스틸 영",박병진,사계절,2025,단행본,중앙도서관 [ ]정리중
민법총칙,김준호,法文社,2025,단행본,법학전문도서관 단행본서가 [ ]정리중
민법강의,김준호,法文社,2025,단행본,법학전문도서관 단행본서가 [ ]정리중
특허의 이해,윤선희,法文社,2025,단행본,법학전문도서관 단행본서가 [ ]정리중
물권법,김준호,法文社,2025,단행본,법학전문도서관 단행본서가 [ ]정리중
채권법,김준호,法文社,2025,단행본,법학전문도서관 단행본서가 [ ]정리중
범죄피해자와 헌법,박성태,박영사,2025,단행본,법학전문도서관 단행본서가 [ ]정리중
물권법,송덕수,박영사,2025,단행본,법학전문도서관 단행본서가 [ ]정리중
기본민법,송덕수,박영사,2025,단행본,법학전문도서관 단행본서가 [ ]정리중
상속세 없는 상속법,배명록,박영사,2025,단행본,법학전문도서관 단행본서가 [ ]정리중
민법의 세계 : 물권법,양형우,정독,2025,단행본,법학전문도서관 단행본서가 [ ]정리중
민법의 세계 : 민법총칙,양형우,정독,2025,단행본,법학전문도서관 단행본서가 [ ]정리중
민법의 세계 : 친족상속법,양형우,정독,2025,단행본,법학전문도서관 단행본서가 [ ]정리중
신민법입문,송덕수,박영사,2025,단행본,법학전문도서관 단행본서가 [ ]정리중